{"train_loss": 6.663359642028809, "train_accuracy": 0.27586206793785095, "_runtime": 1968, "_timestamp": 1647370958, "_step": 1058, "_wandb": {"runtime": 1966}}